image_filename,product_name,brand,product_description,product_category,key_claims_benefits,ingredients,packaging_size,packaging_price,usage_instructions,color_scheme,imagery_type,badges_labels,design_style,target_audience,additional_text,full_extraction
Witty Optimist_FY25.S&G Be Me Body Sprays,SOAP & GLORY,‘Be Me’ Body Sprays from Soap & Glory,"""Don’t be a copy cat! Mark your territory with your personalised scent""    - “I like to wear different fragrance for different occasions and its nice to find something unique, but my budget doesn’t allow for all of this”    - ""Soap & Glory have concocted 3 body spray (100ml) mists each containing a secret sssshhh…magic ingredient which will adapt to your own skin to make you smell as gloriously individual as you are. Top off your pampering regime with a long lasting fine fragrance experience… without the premium price tag!""    - ""Designed to compliment Soap & Glory’s existing fragrance families of bodycare, they are available in 3 olfactive bases for bottom notes and the rest comes from you!""",Body spray,"Long lasting fine fragrance experience; Unique scent for individuality; Affordable; CLEAN: Dermatologist approved, no nasties; INNOVATIVE: Scent adapting molecules, long lasting claim; 100% VEGAN: Not tested on animals, just picky humans!",Secret magic ingredient (general mention; specifics not provided),100ml,,Not specifically mentioned,,,,,Appeals to individuals looking for unique and personalized fragrances Budget-conscious consumers who still want quality Vegan and cruelty-free product preference,"""FLORAL OP / CITRUS / GOURMAND""","Image: Witty Optimist_FY25.S&G Be Me Body Sprays.JPG
Method: Direct image → gpt-4o → Text output
================================================================================

Sure, here’s a detailed extraction and analysis:

1. **Product Name and Brand**: 
   - SOAP & GLORY
   - ‘Be Me’ Body Sprays from Soap & Glory

2. **Product Description**: 
   - ""Don’t be a copy cat! Mark your territory with your personalised scent""
   - “I like to wear different fragrance for different occasions and its nice to find something unique, but my budget doesn’t allow for all of this”
   - ""Soap & Glory have concocted 3 body spray (100ml) mists each containing a secret sssshhh…magic ingredient which will adapt to your own skin to make you smell as gloriously individual as you are. Top off your pampering regime with a long lasting fine fragrance experience… without the premium price tag!""
   - ""Designed to compliment Soap & Glory’s existing fragrance families of bodycare, they are available in 3 olfactive bases for bottom notes and the rest comes from you!""

3. **Product Category**: 
   - Body spray

4. **Key Claims/Benefits**: 
   - Long lasting fine fragrance experience
   - Unique scent for individuality
   - Affordable
   - CLEAN: Dermatologist approved, no nasties
   - INNOVATIVE: Scent adapting molecules, long lasting claim
   - 100% VEGAN: Not tested on animals, just picky humans!

5. **Ingredients**: 
   - Secret magic ingredient (general mention; specifics not provided)

6. **Packaging Information**: 
   - 100ml mists
   - No specific price mentioned

7. **Usage Instructions**: 
   - Not specifically mentioned

8. **Visual Design Elements**:
   - Color scheme and dominant colors: Pink, white, with some elements of gold and other soft pastel colors.
   - Imagery: Combination of lifestyle (model) and product imagery
   - Badges/Labels: CLEAN, INNOVATIVE, 100% VEGAN
   - Design style: Playful and feminine with a touch of elegance

9. **Target Audience Signals**: 
   - Appeals to individuals looking for unique and personalized fragrances
   - Budget-conscious consumers who still want quality
   - Vegan and cruelty-free product preference

10. **Any Additional Text**: 
    - ""FLORAL OP / CITRUS / GOURMAND""

Overall, the product is positioned as an affordable, innovative, and vegan-friendly body spray that offers a personalized scent experience. The design and imagery appeal to a young, trendy audience looking for individuality and quality."
Witty Optimist_FY25.S&G Embrace Me Bodycare,Soap & Glory,‘Embrace Me’ bodycare from Soap & Glory’s Original Pink range,"“Luxury, sensorial solutions for real body concerns …making you feel the best you…always”",Bodycare products,"PH balanced Sensitive Wash for irritation-free use.; Sensorial Hemp Bath soak for relaxation and soothing, relieving pain, and providing hydration.; Scar and Skin tone oil to improve scars, stretch marks, and uneven skin tone.; ‘Cool fix’ Cooling Lotion to cool flushed skin with ceramides and menthol.",Plant extracts and vitamins.; Ceramides and menthol in the cooling lotion.,,,Not explicitly stated.,,,,,Women with changing bodies and hormonal needs. Focus on comfort and confidence in one's skin.,"“My skins needs can change throughout the month, along with my mood! … so I want a safe product I can trust to do its job, that still feels special and indulgent” Original Pink is described as a fruity chypre fragrance.","Image: Witty Optimist_FY25.S&G Embrace Me Bodycare.JPG
Method: Direct image → gpt-4o → Text output
================================================================================

1. **Product Name and Brand**: 
   - Soap & Glory
   - ‘Embrace Me’ bodycare from Soap & Glory’s Original Pink range

2. **Product Description**: 
   - “Luxury, sensorial solutions for real body concerns …making you feel the best you…always”

3. **Product Category**: 
   - Bodycare products

4. **Key Claims/Benefits**: 
   - PH balanced Sensitive Wash for irritation-free use.
   - Sensorial Hemp Bath soak for relaxation and soothing, relieving pain, and providing hydration.
   - Scar and Skin tone oil to improve scars, stretch marks, and uneven skin tone.
   - ‘Cool fix’ Cooling Lotion to cool flushed skin with ceramides and menthol.

5. **Ingredients**: 
   - Plant extracts and vitamins.
   - Ceramides and menthol in the cooling lotion.

6. **Packaging Information**: 
   - Not specified (Size, price not visible).

7. **Usage Instructions**: 
   - Not explicitly stated.

8. **Visual Design Elements**:
   - Color scheme: Pink and white are dominant.
   - Imagery: Lifestyle imagery with diverse models.
   - Special callouts: 
     - NEW hypoallergenic version of Original Pink scent
     - CLEAN: Dermatologist & gynaecologist approved
     - INNOVATIVE: Solutions to help love the skin you’re in
     - 100% VEGAN: Not tested on animals
   - Overall design style: Simple, informative, somewhat clinical.

9. **Target Audience Signals**: 
   - Women with changing bodies and hormonal needs.
   - Focus on comfort and confidence in one's skin.

10. **Any Additional Text**: 
    - “My skins needs can change throughout the month, along with my mood! … so I want a safe product I can trust to do its job, that still feels special and indulgent”
    - Original Pink is described as a fruity chypre fragrance.

The image contains a variety of visual cues suggesting focus on sensitive skin care, relaxation, and confidence. The usage of pink suggests a feminine target audience. The clean, vegan, and innovative attributes emphasize safety and efficacy aligned with modern skincare concerns."
Witty Optimist_FY25.S&G Original Pink Suncare,Soap & Glory,Original Pink Suncare from Soap & Glory,"""Your supercharged, sun friendly, scented shield.""",Suncare products (SPF lotions and mists),"Supercharged, sun friendly, scented shield; ""I don’t want a sticky thick suncream which protects my skin but doesn’t feel nice or smell great and feels like its clogging as opposed to benefitting my skin.""; 5 star UV protection from the sun; Contains antioxidants, vitamins E and B5; Hydrate and moisturize; Incredible scent; Non-greasy and light; Water-resistant; Unique antioxidant complex; Dermatologically tested & approved; Suitable for all skin types; No nasties; 100% Vegan",Contains Aloe Vera and Watermelon,,,"Not explicitly stated, but implies use as sun protection.","Pink, white, and black.",Lifestyle imagery with models applying sunscreen.,"""Original Pink"", ""Clean"", ""Innovative"", ""100% Vegan.""",Playful and casual with a focus on glamor and fun.,"Appeals to those seeking stylish, effective sun care with emphasis on fragrance and texture.","""PSA: Wear your SPF every day."" ""Original Pink is our fruity chypre fragrance - crisp bergamot, crushed green leaves and mandarin, a gorgeous bouquet of rose, jasmine and violet. combine to complete our cult-classic signature scent."" CLEAN: ""Dermatologically tested & approved Suitable for all skin types No nasties"" INNOVATIVE: ""Intensive moisturisation Non greasy & light Water resistant Unique anti oxidant complex"" 100% VEGAN: ""Not tested on animals… just picky humans!""","Image: Witty Optimist_FY25.S&G Original Pink Suncare.JPG
Method: Direct image → gpt-4o → Text output
================================================================================

1. **Product Name and Brand**: 
   - Soap & Glory
   - Original Pink Suncare from Soap & Glory

2. **Product Description**: 
   - ""Your supercharged, sun friendly, scented shield.""

3. **Product Category**: 
   - Suncare products (SPF lotions and mists)

4. **Key Claims/Benefits**:
   - Supercharged, sun friendly, scented shield
   - ""I don’t want a sticky thick suncream which protects my skin but doesn’t feel nice or smell great and feels like its clogging as opposed to benefitting my skin.""
   - 5 star UV protection from the sun
   - Contains antioxidants, vitamins E and B5
   - Hydrate and moisturize
   - Incredible scent
   - Non-greasy and light
   - Water-resistant
   - Unique antioxidant complex
   - Dermatologically tested & approved
   - Suitable for all skin types
   - No nasties
   - 100% Vegan

5. **Ingredients**:
   - Contains Aloe Vera and Watermelon

6. **Packaging Information**:
   - Not specifically detailed in terms of format, size, or price.

7. **Usage Instructions**:
   - Not explicitly stated, but implies use as sun protection.

8. **Visual Design Elements**:
   - **Color scheme and dominant colors**: Pink, white, and black.
   - **Is this lifestyle imagery (models/people) or product-only?**: Lifestyle imagery with models applying sunscreen.
   - **Any badges, labels, or special callouts**: ""Original Pink"", ""Clean"", ""Innovative"", ""100% Vegan.""
   - **Overall design style**: Playful and casual with a focus on glamor and fun.

9. **Target Audience Signals**:
   - Appeals to those seeking stylish, effective sun care with emphasis on fragrance and texture.

10. **Any Additional Text**:
    - ""PSA: Wear your SPF every day.""
    - ""Original Pink is our fruity chypre fragrance - crisp bergamot, crushed green leaves and mandarin, a gorgeous bouquet of rose, jasmine and violet. combine to complete our cult-classic signature scent.""
    - CLEAN: ""Dermatologically tested & approved Suitable for all skin types No nasties""
    - INNOVATIVE: ""Intensive moisturisation Non greasy & light Water resistant Unique anti oxidant complex""
    - 100% VEGAN: ""Not tested on animals… just picky humans!"""
Witty Optimist_FY25.S&G Rebalancing Probiotic Bodycare ,Soap & Glory,Re-balancing Probiotic Bodycare from Soap & Glory,"""Frequent bathing and washing can compromise the skin barrier and disrupt the natural good flora. Our Rebalancing Probiotic bodycare gently deep cleanses skin, soothes dryness and captures impurities whilst boosting skins natural defenses.... luxurious, delightfully sensorial bodycare to ensure a happy, healthy cared for….. YOU!""","Body wash, lotion, and scrub",Deep cleanses skin; Soothes dryness; Captures impurities; Boosts natural defenses; Supports skin resistance to natural aggressors; Long-lasting hydration; Exfoliates while maintaining moisture barrier; Dermatologist approved; Safe for sensitive skin; Maintains natural skin barrier and pH; Contains lipids and ceramides for extra nourishment; New fresh hypoallergenic fragrance,Vitamin C (mentioned in probiotic body lotion),,,Not explicitly given in the text.,,,"- “Body Biome: The ‘all over facial’.”      - ""GENTLE: Dermatologist approved, safe for sensitive skin.""      - ""HYDRATING: Lipids and ceramides to quench thirsty skin.""      - ""Hypoallergenic: NEW fresh fragrance""",,Individuals seeking sensitive skin solutions Those interested in skincare and wellness,,"Image: Witty Optimist_FY25.S&G Rebalancing Probiotic Bodycare .JPG
Method: Direct image → gpt-4o → Text output
================================================================================

1. **Product Name and Brand**:
   - Soap & Glory
   - Re-balancing Probiotic Bodycare from Soap & Glory

2. **Product Description**:
   - ""Frequent bathing and washing can compromise the skin barrier and disrupt the natural good flora. Our Rebalancing Probiotic bodycare gently deep cleanses skin, soothes dryness and captures impurities whilst boosting skins natural defenses.... luxurious, delightfully sensorial bodycare to ensure a happy, healthy cared for….. YOU!""

3. **Product Category**:
   - Body wash, lotion, and scrub

4. **Key Claims/Benefits**:
   - Deep cleanses skin
   - Soothes dryness
   - Captures impurities
   - Boosts natural defenses
   - Supports skin resistance to natural aggressors
   - Long-lasting hydration
   - Exfoliates while maintaining moisture barrier
   - Dermatologist approved
   - Safe for sensitive skin
   - Maintains natural skin barrier and pH
   - Contains lipids and ceramides for extra nourishment
   - New fresh hypoallergenic fragrance

5. **Ingredients**:
   - Vitamin C (mentioned in probiotic body lotion)

6. **Packaging Information**:
   - Not specified in the text.

7. **Usage Instructions**:
   - Not explicitly given in the text.

8. **Visual Design Elements**:
   - **Color Scheme and Dominant Colors**: Pink, white, and black
   - **Imagery**: Lifestyle imagery with models/people
   - **Badges/Labels/Callouts**:
     - “Body Biome: The ‘all over facial’.”
     - ""GENTLE: Dermatologist approved, safe for sensitive skin.""
     - ""HYDRATING: Lipids and ceramides to quench thirsty skin.""
     - ""Hypoallergenic: NEW fresh fragrance""
   - **Overall Design Style**: Clean and clinical with a touch of luxury

9. **Target Audience Signals**:
   - Individuals seeking sensitive skin solutions
   - Those interested in skincare and wellness

10. **Additional Text**:
    - ""Get ready for your own personal wellness ceremony…""
    - ""HEALTH FIRST.""

This product is positioned for consumers looking for luxurious and effective skincare routines that gently support and protect skin health while also emphasizing mental wellness through pleasant sensory experiences."
Witty Optimist_FY26.Exfoliating Body Scrub and Massage Bar,Soap & Glory Exfoliating Body Scrub and Massage Bar,Soap & Glory Exfoliating Body Scrub and Massage Bar,"""Scrub Smarter, Shine Brighter - The Secret to Effortless Radiance!""",Exfoliating Body Scrub and Massage Bar,"Easy route to soft smooth glowing skin; No harsh scrubbing or messy application; Combines exfoliation and massage; Ergonomically designed body scrub bar; Sloughs away dead skin and dryness; Reveals baby smooth skin; Bamboo Powder offers powerful but non-abrasive scrub; Camilina Sativa oil and Aloe Leaf juice lock in moisture; Offers sensorial delight and remarkable effectiveness; Waterless format; Available in Original Pink, Call of Fruity, and Magnifi coco scents",Bamboo Powder; Camilina Sativa oil; Aloe Leaf juice,,,Gently massage with the bar,,,,,Suitable for all skin types Emphasis on easy and convenient skincare routine,"""Kind to Skin: Suitable for all skin types, Dermatologist tested"" ""100% Vegan: Does not contain animal-derived ingredients""","Image: Witty Optimist_FY26.Exfoliating Body Scrub and Massage Bar.JPG
Method: Direct image → gpt-4o → Text output
================================================================================

1. **Product Name and Brand**: 
   - Soap & Glory Exfoliating Body Scrub and Massage Bar

2. **Product Description**: 
   - ""Scrub Smarter, Shine Brighter - The Secret to Effortless Radiance!""

3. **Product Category**: 
   - Exfoliating Body Scrub and Massage Bar

4. **Key Claims/Benefits**: 
   - Easy route to soft smooth glowing skin
   - No harsh scrubbing or messy application
   - Combines exfoliation and massage
   - Ergonomically designed body scrub bar
   - Sloughs away dead skin and dryness
   - Reveals baby smooth skin
   - Bamboo Powder offers powerful but non-abrasive scrub
   - Camilina Sativa oil and Aloe Leaf juice lock in moisture
   - Offers sensorial delight and remarkable effectiveness
   - Waterless format
   - Available in Original Pink, Call of Fruity, and Magnifi coco scents

5. **Ingredients**: 
   - Bamboo Powder
   - Camilina Sativa oil
   - Aloe Leaf juice

6. **Packaging Information**: 
   - Not explicitly mentioned; visual suggests soap-like bar format

7. **Usage Instructions**: 
   - Gently massage with the bar

8. **Visual Design Elements**:
   - Color scheme and dominant colors: Pink and white
   - Imagery: Combination of lifestyle (person using the product) and product-only (bar images)
   - Badges/Labels: ""Kind to Skin"" and ""100% Vegan""
   - Design Style: Premium and natural

9. **Target Audience Signals**: 
   - Suitable for all skin types
   - Emphasis on easy and convenient skincare routine

10. **Any Additional Text**: 
    - ""Kind to Skin: Suitable for all skin types, Dermatologist tested""
    - ""100% Vegan: Does not contain animal-derived ingredients""

The visuals complement the text, emphasizing a luxurious and convenient product experience. There are clear appeals to ecological consciousness and ease of use, indicating targeting towards environmentally aware consumers seeking efficient beauty routines."
Witty Optimist_FY26.Nourishing ,Soap & Glory Nourishing Solid Body Oil Stick,Soap & Glory Nourishing Solid Body Oil Stick,"“Get ready to glow from head-to-toe”    - “I want a quick, convenient way to deeply moisturise my dry skin and areas that require extra nourishment, but I don’t want to spend a lot of time rubbing in creams and oils”",Solid Body Oil Stick,"Provides deepest moisture in an instant; Handy twist-up applicator, no sticky hands; Suitable for use on-the-go; Effective for all skin types; Perfect for dry patches, stretch marks, scars, and pregnant bumps; Scented with Original Pink fragrance and Magnifi-coco fragrance; Dermatologist approved; Suitable for sensitive skin",Coconut butter; Vitamin E; Rosehip Oil; Rich in fatty acids and peptides; Guarana,,,"Twist-up applicator for easy use, no need to rub in",,,,,"Suitable for all skin types, especially sensitive skin Pregnancy-friendly","“Mindful solutions for every inch of the body” ""Get the deepest moisture in an instant!"" Callouts for scent notes: Bergamot & Mandarin, Rose & Peach, Patchouli & Oakmoss “Suitable for sensitive skin” ""Made with no nasties and waterless format""","Image: Witty Optimist_FY26.Nourishing .JPG
Method: Direct image → gpt-4o → Text output
================================================================================

1. **Product Name and Brand**: 
   - Soap & Glory Nourishing Solid Body Oil Stick

2. **Product Description**: 
   - “Get ready to glow from head-to-toe”
   - “I want a quick, convenient way to deeply moisturise my dry skin and areas that require extra nourishment, but I don’t want to spend a lot of time rubbing in creams and oils”

3. **Product Category**: 
   - Solid Body Oil Stick

4. **Key Claims/Benefits**: 
   - Provides deepest moisture in an instant
   - Handy twist-up applicator, no sticky hands
   - Suitable for use on-the-go
   - Effective for all skin types
   - Perfect for dry patches, stretch marks, scars, and pregnant bumps
   - Scented with Original Pink fragrance and Magnifi-coco fragrance
   - Dermatologist approved
   - Suitable for sensitive skin

5. **Ingredients**:
   - Coconut butter
   - Vitamin E
   - Rosehip Oil
   - Rich in fatty acids and peptides
   - Guarana

6. **Packaging Information**: 
   - No specific format, size, or price visible

7. **Usage Instructions**:
   - Twist-up applicator for easy use, no need to rub in

8. **Visual Design Elements**:
   - Color scheme: Pink and white
   - Lifestyle imagery: Features models applying the product
   - Badges/Labels: 
      - Gentle: Dermatologist approved, Suitable for sensitive skin
      - Nourishing: Formula is rich in vitamin E, rosehip oil, and guarana
      - Kind to Planet: Made with no nasties and waterless format
   - Design style: Casual but thoughtful, focusing on usability and appeal

9. **Target Audience Signals**:
   - Suitable for all skin types, especially sensitive skin
   - Pregnancy-friendly

10. **Any Additional Text**:
    - “Mindful solutions for every inch of the body”
    - ""Get the deepest moisture in an instant!""
    - Callouts for scent notes: Bergamot & Mandarin, Rose & Peach, Patchouli & Oakmoss
    - “Suitable for sensitive skin”
    - ""Made with no nasties and waterless format""

Overall, the image is styled to emphasize convenience, suitability for sensitive skin, and the eco-friendly nature of the product."
Witty Optimist_FY26.Skin benefit scrub collection,**Soap & Glory**,,"""Revitalize Your Senses, Unveil Silky Smooth and Radiant skin!""    - ""I want radiant glowing skin that leaves my skin feeling hydrated, without harsh abrasive scrubbing that can leave my skin feeling stripped and dry.""    - ""Elevate your everyday cleansing routine to a truly indulgent experience with our luxurious sensorial benefit scrub collection. Indulge and pamper yourself with our covetable curated range. Our unique formulations contain smaller, natural, non-harsh particles and are infused with powerful active ingredients that will gently caress your skin, buffing away surface dead skin cells and replenish moisture to leave skin baby-smooth, radiant and of course smell GLORIOUS!""",Scrub,"Detoxifies, removes dirt, and purifies skin; Deeply cleansed, refreshed, revitalized, radiant; Promotes a more luminous complexion; Deep nourishment and healthy glow",Volcanic Ash; Kakadu plum extract; Omega 3 oil; Papaya extract,,,Not explicitly detailed in the image,"Pink, white, and black",Lifestyle imagery (includes models/people applying the scrub),"- ""Kind to Skin: Suitable for all skin types, Dermatologist tested""      - ""100% Vegan: Does not contain animal-derived ingredients""",Playful and vibrant,"Suitable for various skin types, aiming at a broad audience seeking a luxurious yet gentle exfoliation experience","""For problem prone skin..."" ""S&G Detox Purifying Scrub"" ""For tired dull skin..."" ""S&G Glow Scrub"" ""For super dry skin..."" ""S&G Intense Nourishing Scrub""","Image: Witty Optimist_FY26.Skin benefit scrub collection.JPG
Method: Direct image → gpt-4o → Text output
================================================================================

1. **Product Name and Brand**: 
   - **Soap & Glory**
   - **Skin Benefit Scrub Collection (x 3)**

2. **Product Description**: 
   - ""Revitalize Your Senses, Unveil Silky Smooth and Radiant skin!""
   - ""I want radiant glowing skin that leaves my skin feeling hydrated, without harsh abrasive scrubbing that can leave my skin feeling stripped and dry.""
   - ""Elevate your everyday cleansing routine to a truly indulgent experience with our luxurious sensorial benefit scrub collection. Indulge and pamper yourself with our covetable curated range. Our unique formulations contain smaller, natural, non-harsh particles and are infused with powerful active ingredients that will gently caress your skin, buffing away surface dead skin cells and replenish moisture to leave skin baby-smooth, radiant and of course smell GLORIOUS!""

3. **Product Category**: 
   - Scrub

4. **Key Claims/Benefits**: 
   - Detoxifies, removes dirt, and purifies skin
   - Deeply cleansed, refreshed, revitalized, radiant
   - Promotes a more luminous complexion
   - Deep nourishment and healthy glow

5. **Ingredients**: 
   - Volcanic Ash
   - Kakadu plum extract
   - Omega 3 oil
   - Papaya extract

6. **Packaging Information**: 
   - No specific format, size, or price visible

7. **Usage Instructions**: 
   - Not explicitly detailed in the image

8. **Visual Design Elements**:
   - **Color scheme and dominant colors**: Pink, white, and black
   - **Is this lifestyle imagery or product-only?**: Lifestyle imagery (includes models/people applying the scrub)
   - **Any badges, labels, or special callouts**: 
     - ""Kind to Skin: Suitable for all skin types, Dermatologist tested""
     - ""100% Vegan: Does not contain animal-derived ingredients""
   - **Overall design style**: Playful and vibrant

9. **Target Audience Signals**: 
   - Suitable for various skin types, aiming at a broad audience seeking a luxurious yet gentle exfoliation experience

10. **Any Additional Text**: 
    - ""For problem prone skin...""
    - ""S&G Detox Purifying Scrub""
    - ""For tired dull skin...""
    - ""S&G Glow Scrub""
    - ""For super dry skin...""
    - ""S&G Intense Nourishing Scrub""

The image combines bold text and attractive visuals to emphasize the product's luxurious and rejuvenating properties, appealing to individuals looking for both effectiveness and pampering in skincare."
Witty Optimist_FY26.pH V friendly ,Soap & Glory,,"“Take more time to boost your mood”    - ""If I’m going to have a nice soak, with a bath bomb, it’s nice to know that I’m not going to have irritation in ‘sensitive areas’ as a result’. I want to feel moisturised and smell great""    - Soap & Glory’s fantastical fizzers can turn your average soak into a playground for the senses…the ultimate mood boost! They will fill your bathroom with luxurious fragrances, transform the water into a moisturising milk that nourishes your skin as you soak and leave you smelling GLORIOUS with silky soft skin. Expertly formulated with gentle ingredients, the pH balance will not cause irritation so you’re cared for inside and out…allowing you more ‘me time’ in the tub!",Bath Bomb,Gentle; Dermatologist approved; Suitable for sensitive skin/hypoallergenic; 100% Vegan; Not tested on animals…just picky humans!; Ultimate mood boost; Luxurious fragrances; Moisturizing milk; Silky soft skin; pH balance will not cause irritation,Vitamin E; Camomile,,,No direct instructions provided.,"Pink, white, and natural colors.",Images include a woman in a bath and various bath scenes with products.,"“Gentle,” “Ingredients,” “100% Vegan.”",Playful and natural with a focus on relaxation and indulgence.,"Textual cues suggest it’s for people with sensitive skin looking for relaxation and luxury (“sensitive areas,” “luxurious fragrances,” “mood boost”).",“Mindful solutions for every inch of the body”,"Image: Witty Optimist_FY26.pH V friendly .JPG
Method: Direct image → gpt-4o → Text output
================================================================================

1. **Product Name and Brand**: 
   - Soap & Glory
   - pH ‘V’ friendly Scent-sitive Bath Bomb

2. **Product Description**: 
   - “Take more time to boost your mood”
   - ""If I’m going to have a nice soak, with a bath bomb, it’s nice to know that I’m not going to have irritation in ‘sensitive areas’ as a result’. I want to feel moisturised and smell great""
   - Soap & Glory’s fantastical fizzers can turn your average soak into a playground for the senses…the ultimate mood boost! They will fill your bathroom with luxurious fragrances, transform the water into a moisturising milk that nourishes your skin as you soak and leave you smelling GLORIOUS with silky soft skin. Expertly formulated with gentle ingredients, the pH balance will not cause irritation so you’re cared for inside and out…allowing you more ‘me time’ in the tub!

3. **Product Category**: 
   - Bath Bomb

4. **Key Claims/Benefits**: 
   - Gentle
   - Dermatologist approved
   - Suitable for sensitive skin/hypoallergenic
   - 100% Vegan
   - Not tested on animals…just picky humans!
   - Ultimate mood boost
   - Luxurious fragrances
   - Moisturizing milk
   - Silky soft skin
   - pH balance will not cause irritation

5. **Ingredients**: 
   - Vitamin E
   - Camomile

6. **Packaging Information**: 
   - No specific information visible about format, size, or price.

7. **Usage Instructions**: 
   - No direct instructions provided.

8. **Visual Design Elements**:
   - **Color scheme and dominant colors**: Pink, white, and natural colors.
   - **Lifestyle imagery**: Images include a woman in a bath and various bath scenes with products.
   - **Badges, labels, or special callouts**: “Gentle,” “Ingredients,” “100% Vegan.”
   - **Overall design style**: Playful and natural with a focus on relaxation and indulgence.

9. **Target Audience Signals**:
   - Textual cues suggest it’s for people with sensitive skin looking for relaxation and luxury (“sensitive areas,” “luxurious fragrances,” “mood boost”).

10. **Any Additional Text**: 
    - “Mindful solutions for every inch of the body”

The product concept leans towards a premium but accessible feel, emphasizing relaxation, self-care, and suitability for sensitive skin."
Witty Optimist_FY26.pH sensitive,Soap & Glory,,"Feel naturally clean, all the freshness without the irritation",Body wash,Gently cleanses skin; Suitable for sensitive skin; Soap-free formula; Hypoallergenic fragrance; pH balanced; Does not strip or irritate sensitive skin; Protects natural microbiome; Dermatologist approved; Lightweight fragrance; 100% Vegan and not tested on animals,Aloe Vera; Oatmeal,,,Not explicitly provided,"Pink, white",,"- ""GENTLE Dermatologist approved, Suitable for sensitive skin. / Hypoallergenic fragrance""      - ""INGREDIENTS Aloe Vera, Oatmeal""      - ""100% VEGAN Not tested on animals...just picky humans!""","Playful, gentle, and feminine","Women with sensitive skin, emphasis on gentle care and dermatological testing suggests targeting those with sensitive skin needs","“I want to feel fresh, clean and luxuriously pampered everyday without the risk of irritating my sensitive skin…” ""Beautifully scented, sensorial shower products can sometimes disturb delicate and sensitive skin types."" ""Mindful solutions for every inch of the body"" ""Original Pink: Our fruity chypre fragrance - crisp bergamot, crushed green leaves and mandarin, a gorgeous bouquet of rose, jasmine and violet. combined to complete our cult-classic signature scent.""","Image: Witty Optimist_FY26.pH sensitive.JPG
Method: Direct image → gpt-4o → Text output
================================================================================

1. **Product Name and Brand**: 
   - Soap & Glory
   - pH Sensitive Skin Body Wash

2. **Product Description**: 
   - Feel naturally clean, all the freshness without the irritation

3. **Product Category**: 
   - Body wash

4. **Key Claims/Benefits**: 
   - Gently cleanses skin
   - Suitable for sensitive skin
   - Soap-free formula
   - Hypoallergenic fragrance
   - pH balanced
   - Does not strip or irritate sensitive skin
   - Protects natural microbiome
   - Dermatologist approved
   - Lightweight fragrance
   - 100% Vegan and not tested on animals

5. **Ingredients**: 
   - Aloe Vera
   - Oatmeal

6. **Packaging Information**: 
   - No specific format, size, or price visible

7. **Usage Instructions**: 
   - Not explicitly provided 

8. **Visual Design Elements**:
   - **Color scheme and dominant colors**: Pink, white
   - **Imagery**: Lifestyle imagery with a person taking a shower and pouring product; additional floral and citrus elements
   - **Badges, labels, callouts**: 
     - ""GENTLE Dermatologist approved, Suitable for sensitive skin. / Hypoallergenic fragrance""
     - ""INGREDIENTS Aloe Vera, Oatmeal""
     - ""100% VEGAN Not tested on animals...just picky humans!""
   - **Overall design style**: Playful, gentle, and feminine

9. **Target Audience Signals**: 
   - Women with sensitive skin, emphasis on gentle care and dermatological testing suggests targeting those with sensitive skin needs

10. **Any Additional Text**: 
   - “I want to feel fresh, clean and luxuriously pampered everyday without the risk of irritating my sensitive skin…”
   - ""Beautifully scented, sensorial shower products can sometimes disturb delicate and sensitive skin types.""
   - ""Mindful solutions for every inch of the body""
   - ""Original Pink: Our fruity chypre fragrance - crisp bergamot, crushed green leaves and mandarin, a gorgeous bouquet of rose, jasmine and violet. combined to complete our cult-classic signature scent."""
Witty Optimist_FY27.SOAP & GLORY’S ‘GLOW-ON’ GRADUAL TAN LOTION,Product Name: SOAP & GLORY’S ‘GLOW-ON’ GRADUAL TAN LOTION,Brand: Soap & Glory,"""Get your ‘glow on’ and enjoy all the benefits of a sun-kissed glow in Soap & Glory’s amazing Vanilla fragrance!""",Gradual tan lotion,"Builds a gradual tan that gives your skin a natural-looking, sun-kissed glow; Provides 72-hour hydration for velvety soft skin; No unpleasant ‘fake tan’ smell",Contains NUTRI-GLOW,200ml,£14.99,Simply keep your glow topped up by applying on clean skin morning or evening for that sun-kissed radiant glow.,,,,,"The playful, colorful design and emphasis on easy application suggest targeting young or style-conscious users.","Taglines: ""Getting ready has never been so fun, or so easy!"" Active ingredients and fragrance details","Image: Witty Optimist_FY27.SOAP & GLORY’S ‘GLOW-ON’ GRADUAL TAN LOTION.JPG
Method: Direct image → gpt-4o → Text output
================================================================================

Sure, here's the detailed analysis of the product concept image:

1. **Product Name and Brand**:
   - Product Name: SOAP & GLORY’S ‘GLOW-ON’ GRADUAL TAN LOTION
   - Brand: Soap & Glory

2. **Product Description**:
   - ""Get your ‘glow on’ and enjoy all the benefits of a sun-kissed glow in Soap & Glory’s amazing Vanilla fragrance!""

3. **Product Category**:
   - Gradual tan lotion

4. **Key Claims/Benefits**:
   - Builds a gradual tan that gives your skin a natural-looking, sun-kissed glow
   - Provides 72-hour hydration for velvety soft skin
   - No unpleasant ‘fake tan’ smell

5. **Ingredients**:
   - Contains NUTRI-GLOW

6. **Packaging Information**:
   - Size: 200ml
   - Price: £14.99

7. **Usage Instructions**:
   - Simply keep your glow topped up by applying on clean skin morning or evening for that sun-kissed radiant glow.

8. **Visual Design Elements**:
   - Color scheme and dominant colors: Pink and white
   - Imagery: Mix of lifestyle and product-only images
   - Badges/labels: None visible
   - Design style: Playful and casual

9. **Target Audience Signals**:
   - The playful, colorful design and emphasis on easy application suggest targeting young or style-conscious users.

10. **Any Additional Text**:
    - Taglines: ""Getting ready has never been so fun, or so easy!""
    - Active ingredients and fragrance details

**Analysis of Visual Elements**:
- The image features illustrations and lifestyle images of people enjoying the sun, which supports the product's claim of providing a sun-kissed glow.
- It includes a pictorial application guide showing the ease of use and enjoyment.
- The design aesthetic is colorful and youthful, appealing to customers seeking an enjoyable beauty routine.

These elements together create an engaging image promoting the fun and benefits of using the product."
Witty Optimist_FY27.TIME TRAVEL BODY LOTION FOR STRETCH MARKS,Product Name: TIME TRAVEL BODY LOTION FOR STRETCH MARKS,Brand: Soap & Glory,"""Bounce back to gloriously smooth, velvety soft skin!""    - ""New Soap & Glory’s Time Travel Body Lotion for Stretchmarks helps to improve the appearance of stretchmarks, so you can enjoy bouncy, velvety-soft skin in just 4 weeks!""",Body Lotion,Improves the appearance of stretch marks; Rejuvenates the look & feel of stretched skin; Provides 72-hour hydration; Improves skin's elasticity in 4 weeks,"Patented peptide technology, Pepticology™; Shea Butter & Ceramides; Fragrance: A luxurious Soap & Glory Pear scent",200ml,£14.99,"""Apply on clean skin morning or evening focusing on areas where skin is stretched.""",Pink and white,,"""Active ingredients"" and ""Fragrance"" sections",Stylish with a clinical yet approachable feel,"Visual cues suggest targeting individuals concerned with stretch marks, possibly post-pregnancy or weight change","""Indulge every inch of your body with our world first patented peptide technology Pepticology™, combined with a curated blend of Shea Butter & Ceramides.""","Image: Witty Optimist_FY27.TIME TRAVEL BODY LOTION FOR STRETCH MARKS.JPG
Method: Direct image → gpt-4o → Text output
================================================================================

1. **Product Name and Brand**:
   - Product Name: TIME TRAVEL BODY LOTION FOR STRETCH MARKS
   - Brand: Soap & Glory

2. **Product Description**:
   - ""Bounce back to gloriously smooth, velvety soft skin!""
   - ""New Soap & Glory’s Time Travel Body Lotion for Stretchmarks helps to improve the appearance of stretchmarks, so you can enjoy bouncy, velvety-soft skin in just 4 weeks!""

3. **Product Category**:
   - Body Lotion

4. **Key Claims/Benefits**:
   - Improves the appearance of stretch marks
   - Rejuvenates the look & feel of stretched skin
   - Provides 72-hour hydration
   - Improves skin's elasticity in 4 weeks

5. **Ingredients**:
   - Patented peptide technology, Pepticology™
   - Shea Butter & Ceramides
   - Fragrance: A luxurious Soap & Glory Pear scent

6. **Packaging Information**:
   - Format: Tube
   - Size: 200ml
   - Price: £14.99

7. **Usage Instructions**:
   - ""Apply on clean skin morning or evening focusing on areas where skin is stretched.""

8. **Visual Design Elements**:
   - **Color scheme and dominant colors**: Pink and white
   - **Imagery**: Includes both lifestyle imagery (people applying lotion) and product-only images (illustrations of the product)
   - **Badges, labels, or special callouts**: ""Active ingredients"" and ""Fragrance"" sections
   - **Overall design style**: Stylish with a clinical yet approachable feel

9. **Target Audience Signals**:
   - Visual cues suggest targeting individuals concerned with stretch marks, possibly post-pregnancy or weight change

10. **Any Additional Text**:
    - ""Indulge every inch of your body with our world first patented peptide technology Pepticology™, combined with a curated blend of Shea Butter & Ceramides.""

**Analysis of Visual Elements**:
- The design is clean and professional, with emphasis on efficacy and luxuriousness.
- The product is presented with a sense of clinical credibility (mention of a 15-year research partnership).
- Illustrations help reinforce the product’s usage and benefits in a visual manner."
Witty Optimist_FY27.TIME TRAVEL ‘GLOW-ON’ GRADUAL TAN LOTION,Time Travel ‘Glow-On’ Gradual Tan Lotion,Brand: Soap & Glory,Get your ‘glow on’ and enjoy all the benefits of a sun-kissed gradual tan & bounce back to glorious skin!,Tan lotion,"Hit rewind on visible signs of skin damage; Build a gradual tan for a natural-looking, sun-kissed radiance; 72-hour hydration for velvety, soft skin; Easy and fun to use",Peptide complex including patented Pepticology™ technology; Moisturizing NUTRI-GLOW complex,200ml,£14.99,Simply keep your glow topped up by applying on clean skin morning or evening for that sun-kissed radiant glow.,"Pink, black, and white.",Lifestyle imagery with models and product application.,"""How to use"" and active ingredients are highlighted.",Playful and energetic with a casual appeal.,"Appeals to those looking for beauty and skincare solutions, likely targeting people interested in tanning and skin health.","""Introducing Soap & Glory’s..."" ""Getting ready has never been so fun, or so easy!"" ""Fragrance: A luxurious Soap & Glory Pear scent""","Image: Witty Optimist_FY27.TIME TRAVEL ‘GLOW-ON’ GRADUAL TAN LOTION.JPG
Method: Direct image → gpt-4o → Text output
================================================================================

1. **Product Name and Brand**: 
   - Time Travel ‘Glow-On’ Gradual Tan Lotion
   - Brand: Soap & Glory

2. **Product Description**: 
   - Get your ‘glow on’ and enjoy all the benefits of a sun-kissed gradual tan & bounce back to glorious skin!

3. **Product Category**: 
   - Tan lotion

4. **Key Claims/Benefits**: 
   - Hit rewind on visible signs of skin damage
   - Build a gradual tan for a natural-looking, sun-kissed radiance
   - 72-hour hydration for velvety, soft skin
   - Easy and fun to use

5. **Ingredients**: 
   - Peptide complex including patented Pepticology™ technology
   - Moisturizing NUTRI-GLOW complex

6. **Packaging Information**: 
   - Size: 200ml
   - Price: £14.99

7. **Usage Instructions**: 
   - Simply keep your glow topped up by applying on clean skin morning or evening for that sun-kissed radiant glow.

8. **Visual Design Elements**:
   - **Color scheme and dominant colors**: Pink, black, and white.
   - **Is this lifestyle imagery (models/people) or product-only?**: Lifestyle imagery with models and product application.
   - **Any badges, labels, or special callouts**: ""How to use"" and active ingredients are highlighted.
   - **Overall design style**: Playful and energetic with a casual appeal.

9. **Target Audience Signals**: 
   - Appeals to those looking for beauty and skincare solutions, likely targeting people interested in tanning and skin health.

10. **Any Additional Text**:
    - ""Introducing Soap & Glory’s...""
    - ""Getting ready has never been so fun, or so easy!""
    - ""Fragrance: A luxurious Soap & Glory Pear scent"""
Witty Optimist_Jan24.Girls Night Out cool aid,Cool Aid,Soap & Glory,"Cooling pink jelly cream to plump and replenish skin, providing 100-hour hydration",Jelly cream,Soothe and hydrate the skin; Cooling and anti-inflammatory; Skin rejuvenating ingredients; Provides 100-hour hydration,Cherry blossom extract; Hyaluronic acid,100g,£7.99,"1. Squeeze the jelly out of the pouch and apply to dry skin as a moisturizer or primer, leave to soak in. 2. For best results, leave in the fridge overnight for an extra cooling sensation on dehydrated, tired skin.",Lavender and pink tones dominate.,Both lifestyle imagery and product illustrations are present.,None explicitly stated as badges.,Casual and playful with illustrative elements.,"Imagery showing women using the product suggests it is targeted towards women. Language and illustrations suggest a youthful, fun vibe.","""GIRLS NIGHT OUT"" at the top suggests a theme or occasion for use. ""Woken up extra thirsty? Does your skin feel a little depleted? [...] leaving you with no regrets!"" ""Subtle scents of wild cherry and refreshing cucumber help to soothe the senses and soul""","Image: Witty Optimist_Jan24.Girls Night Out cool aid.jpg
Method: Direct image → gpt-4o → Text output
================================================================================

1. **Product Name and Brand**: 
   - Cool Aid
   - Soap & Glory

2. **Product Description**: 
   - Cooling pink jelly cream to plump and replenish skin, providing 100-hour hydration

3. **Product Category**: 
   - Jelly cream

4. **Key Claims/Benefits**:
   - Soothe and hydrate the skin
   - Cooling and anti-inflammatory
   - Skin rejuvenating ingredients
   - Provides 100-hour hydration

5. **Ingredients**: 
   - Cherry blossom extract
   - Hyaluronic acid

6. **Packaging Information**: 
   - An ‘emergency’ pouch designed to keep jelly cool
   - 100g
   - £7.99

7. **Usage Instructions**:
   1. Squeeze the jelly out of the pouch and apply to dry skin as a moisturizer or primer, leave to soak in.
   2. For best results, leave in the fridge overnight for an extra cooling sensation on dehydrated, tired skin.

8. **Visual Design Elements**:
   - **Color scheme and dominant colors**: Lavender and pink tones dominate.
   - **Lifestyle imagery or product-only**: Both lifestyle imagery and product illustrations are present.
   - **Badges, labels, special callouts**: None explicitly stated as badges.
   - **Overall design style**: Casual and playful with illustrative elements.

9. **Target Audience Signals**:
   - Imagery showing women using the product suggests it is targeted towards women.
   - Language and illustrations suggest a youthful, fun vibe.

10. **Any Additional Text**: 
    - ""GIRLS NIGHT OUT"" at the top suggests a theme or occasion for use.
    - ""Woken up extra thirsty? Does your skin feel a little depleted? [...] leaving you with no regrets!""
    - ""Subtle scents of wild cherry and refreshing cucumber help to soothe the senses and soul""

This analysis includes all visible textual information and insights about the visual elements based on the appearance and theme presented in the product concept image."
Witty Optimist_Jan24.Girls Night Out refresh queen,Product Name: Refresh Queen,Brand: Soap & Glory,"A mid party refresh wipe and fragranced top up.    - ""When things get a little heated on the dancefloor, the bathroom becomes your sanctuary, a place to regroup with the girls and freshen up. The Soap & Glory Refresh Queen wipes are both cleansing and fragranced, there to wipe the sweat away and reapply a delicious fragrance to the skin, beautifully packaged in discrete, shareable, portable packs.""",,"Cleansing and fragranced; PH-balanced wipes remove dirt without damaging skin barrier; Contains cucumber and aloe extracts to nourish and cleanse skin; Packaged in discrete, shareable, portable packs",Cucumber and aloe extracts; PH-balanced formula,,£4.99,Use a single wipe anywhere on the body including any sweaty areas,"Purple, pink, black, and white",,"""S&G Scent"" badge",Playful and casual,The imagery and text suggest the product is aimed at women who are out for the night or at parties.,"""GIRLS NIGHT OUT"" ""Introducing Soap & Glory’s… Girls Night Out Collection""","Image: Witty Optimist_Jan24.Girls Night Out refresh queen.jpg
Method: Direct image → gpt-4o → Text output
================================================================================

1. **Product Name and Brand**: 
   - Product Name: Refresh Queen
   - Brand: Soap & Glory

2. **Product Description**:
   - A mid party refresh wipe and fragranced top up.
   - ""When things get a little heated on the dancefloor, the bathroom becomes your sanctuary, a place to regroup with the girls and freshen up. The Soap & Glory Refresh Queen wipes are both cleansing and fragranced, there to wipe the sweat away and reapply a delicious fragrance to the skin, beautifully packaged in discrete, shareable, portable packs.""

3. **Product Category**: Wipes

4. **Key Claims/Benefits**:
   - Cleansing and fragranced
   - PH-balanced wipes remove dirt without damaging skin barrier
   - Contains cucumber and aloe extracts to nourish and cleanse skin
   - Packaged in discrete, shareable, portable packs

5. **Ingredients**:
   - Cucumber and aloe extracts
   - PH-balanced formula

6. **Packaging Information**:
   - Wipes enclosed within single biodegradable packs
   - 25 wipes per pack
   - Price: £4.99

7. **Usage Instructions**:
   - Use a single wipe anywhere on the body including any sweaty areas

8. **Visual Design Elements**:
   - **Color scheme and dominant colors**: Purple, pink, black, and white
   - **Imagery**: Lifestyle imagery with models; illustrations of people using the product
   - **Badges, labels, or special callouts**: ""S&G Scent"" badge
   - **Overall design style**: Playful and casual

9. **Target Audience Signals**:
   - The imagery and text suggest the product is aimed at women who are out for the night or at parties.

10. **Any Additional Text**:
    - ""GIRLS NIGHT OUT""
    - ""Introducing Soap & Glory’s… Girls Night Out Collection""

The visual and textual elements suggest a focus on convenient, on-the-go personal care aimed at women in social settings. The packaging and branding are playful and stylish, aligning with the youthful, vibrant target audience."
Witty Optimist_Jan24.Girls Night Out stick,**Name**: Stardust Stick,**Brand**: Soap & Glory,"Introducing Soap & Glory's... Girls Night Out Collection    - A nourishing skin balm that blends into the skin, adding a glamorous stardust glow boost.",Skin balm,"Glistening stardust skin finish; Applied anywhere on the body; Eliminates mess and effort; Targets specific areas (temples, arms, toes); No spillage; Gentle moisturizing benefits",Biodegradable 'glitter'; Shea butter for rich lasting hydration; Vitamin E for protection and boost of natural skin barrier,70g,£9.99,"1. Apply and blend into areas like chest, arms, and legs with one simple stroke of the stick. 2. Reapply for a heavier stardust finish.",,,880 Scent badge indicating fragrance,,Girls Night Out Collection suggests a target audience of women or young adults,"Branding statement about adding a glamorous finish Packaging features the ""Stardust Stick"" with stars","Image: Witty Optimist_Jan24.Girls Night Out stick.jpg
Method: Direct image → gpt-4o → Text output
================================================================================

1. **Product Name and Brand**:
   - **Name**: Stardust Stick
   - **Brand**: Soap & Glory

2. **Product Description**:
   - Introducing Soap & Glory's... Girls Night Out Collection
   - A nourishing skin balm that blends into the skin, adding a glamorous stardust glow boost.

3. **Product Category**:
   - Skin balm

4. **Key Claims/Benefits**:
   - Glistening stardust skin finish
   - Applied anywhere on the body
   - Eliminates mess and effort
   - Targets specific areas (temples, arms, toes)
   - No spillage
   - Gentle moisturizing benefits

5. **Ingredients**:
   - Biodegradable 'glitter'
   - Shea butter for rich lasting hydration
   - Vitamin E for protection and boost of natural skin barrier

6. **Packaging Information**:
   - Stick format
   - Provides a no-spill, no-mess experience
   - Size: 70g
   - Price: £9.99

7. **Usage Instructions**:
   1. Apply and blend into areas like chest, arms, and legs with one simple stroke of the stick.
   2. Reapply for a heavier stardust finish.

8. **Visual Design Elements**:
   - **Color Scheme**: Purple, pink, white, black
   - **Imagery**: Lifestyle imagery with models; illustrations showing product use
   - **Badges/Labels**: 880 Scent badge indicating fragrance
   - **Design Style**: Playful and glamorous

9. **Target Audience Signals**:
   - Girls Night Out Collection suggests a target audience of women or young adults

10. **Any Additional Text**:
    - Branding statement about adding a glamorous finish
    - Packaging features the ""Stardust Stick"" with stars

**Analysis**:
The product is positioned as a fun, glamorous addition to a beauty routine, especially for social events like a ""Girls Night Out"". Its biodegradable glitter appeals to environmentally conscious consumers. The stick format emphasizes convenience and ease of use, suitable for on-the-go application. The design and imagery suggest a youthful, playful brand personality aimed at those who enjoy a bit of sparkle and fun in their beauty products."
Witty Optimist_Jan24.Liquid Lingerie Blur-fect,**Product Name**: It's Blur-fect!,**Brand**: Soap & Glory,"""A skin perfecting body primer that blurs uneven tone and texture, elevating the look of bare skin with a beautiful shimmer.""",Body primer,Skin perfecting; Blurs uneven tone and texture; Radiance enhancing; Transfer proof; Airbrush effect; Illuminates skin's natural color; Gives a 'lit from within' glow; Ideal for showing more skin in summer,Micro pigment sheen capsules for blurring and glow effect; Mica for intense shimmer; Available with or without SPF,125 ml,£14.99,Apply a thin layer of gel across the whole body using the massage applicator. Wait 30 seconds before wearing clothes.,,,"""New Scent""",,Suggested use in summer for more skin exposure Shimmer and glow effects suggest targeting those interested in beauty and glamour,"""Introducing Soap & Glory's... Liquid Lingerie Collection"" ""Mimicking the feeling of slipping into an outfit that fits you perfectly, one size fits all takes on a new meaning..."" ""Fragrance: A foundational scent of Madagascan vanilla bean""","Image: Witty Optimist_Jan24.Liquid Lingerie Blur-fect.jpg
Method: Direct image → gpt-4o → Text output
================================================================================

Sure, here is the detailed analysis of the product concept image:

1. **Product Name and Brand**:
   - **Product Name**: It's Blur-fect!
   - **Brand**: Soap & Glory

2. **Product Description**:
   - ""A skin perfecting body primer that blurs uneven tone and texture, elevating the look of bare skin with a beautiful shimmer.""

3. **Product Category**:
   - Body primer

4. **Key Claims/Benefits**:
   - Skin perfecting
   - Blurs uneven tone and texture
   - Radiance enhancing
   - Transfer proof
   - Airbrush effect
   - Illuminates skin's natural color
   - Gives a 'lit from within' glow
   - Ideal for showing more skin in summer

5. **Ingredients**:
   - Micro pigment sheen capsules for blurring and glow effect
   - Mica for intense shimmer
   - Available with or without SPF

6. **Packaging Information**:
   - Glossy tube with roller for even gel dispense
   - 'Massage feel' application
   - Size: 125 ml
   - Price: £14.99

7. **Usage Instructions**:
   - Apply a thin layer of gel across the whole body using the massage applicator.
   - Wait 30 seconds before wearing clothes.

8. **Visual Design Elements**:
   - **Color Scheme and Dominant Colors**: Pink, white, and hints of black
   - **Imagery**: Combination of both lifestyle (models/people) and product-only illustrations
   - **Badges/Labels**: ""New Scent""
   - **Design Style**: Playful and casual with a touch of glamour

9. **Target Audience Signals**:
   - Suggested use in summer for more skin exposure
   - Shimmer and glow effects suggest targeting those interested in beauty and glamour

10. **Any Additional Text**:
    - ""Introducing Soap & Glory's... Liquid Lingerie Collection""
    - ""Mimicking the feeling of slipping into an outfit that fits you perfectly, one size fits all takes on a new meaning...""
    - ""Fragrance: A foundational scent of Madagascan vanilla bean""

This product concept is designed to appeal to individuals seeking a body primer that enhances skin appearance with a glowing finish, suitable for summer use. The playful and glamorous visual design aligns with the brand's beauty-focused target audience."
Witty Optimist_Jan24.Liquid Lingerie Glow-on,Product Name: Glow-on,Brand: Soap & Glory,"""Illumination stick balm to 'top-up' skin glow, helping to improve radiance and definition.""",Stick Balm,"Blends into the skin perfectly; Intensifies natural contours; Sculpted and illuminated finish; Adds aesthetic highlights; Functional hydrating nourishment; No-spill, no-mess solution",Shea butter for rich lasting hydration; Castor oil for moisture and gloss-like glow,70 g,£12.99,"1. ""Seamlessly blend balm into collarbones and shoulders where light naturally catches, enhancing the body with a shimmering glow."" 2. ""For deeper nourishment, lightly tap or massage into the skin."" 3. ""Perfect for pre-perfume application to boost fragrance intensity.""","Dominantly pink and white, with black text.",,"""New Scent"" label.",,The playful design suggests a youthful audience interested in beauty and skincare.,"""Introducing Soap & Glory's... Liquid Lingerie Collection""","Image: Witty Optimist_Jan24.Liquid Lingerie Glow-on.jpg
Method: Direct image → gpt-4o → Text output
================================================================================

1. **Product Name and Brand**:
   - Product Name: Glow-on
   - Brand: Soap & Glory

2. **Product Description**:
   - ""Illumination stick balm to 'top-up' skin glow, helping to improve radiance and definition.""

3. **Product Category**:
   - Stick Balm

4. **Key Claims/Benefits**:
   - Blends into the skin perfectly
   - Intensifies natural contours
   - Sculpted and illuminated finish
   - Adds aesthetic highlights
   - Functional hydrating nourishment
   - No-spill, no-mess solution

5. **Ingredients**:
   - Shea butter for rich lasting hydration
   - Castor oil for moisture and gloss-like glow

6. **Packaging Information**:
   - Format: Stick
   - Size: 70 g
   - Price: £12.99

7. **Usage Instructions**:
   1. ""Seamlessly blend balm into collarbones and shoulders where light naturally catches, enhancing the body with a shimmering glow.""
   2. ""For deeper nourishment, lightly tap or massage into the skin.""
   3. ""Perfect for pre-perfume application to boost fragrance intensity.""

8. **Visual Design Elements**:
   - **Color scheme and dominant colors**: Dominantly pink and white, with black text.
   - **Imagery**: Includes lifestyle imagery with illustrations of people using the product.
   - **Badges/Labels**: ""New Scent"" label.
   - **Design style**: Playful with a hint of sophistication.

9. **Target Audience Signals**:
   - The playful design suggests a youthful audience interested in beauty and skincare.

10. **Any Additional Text**:
    - ""Introducing Soap & Glory's... Liquid Lingerie Collection""

The image uses bold and italicized text to emphasize key benefits and features. The illustrations show diverse users applying the product and checking their appearance, enhancing the playful yet practical appeal of the product."
Witty Optimist_Jan24.Liquid Lingerie Glow gloves,Glow Gloves,Soap & Glory,"""A lightly shimmering, hand cream that immediately enhances hand appearance and improves skin feel over time""",Hand cream,Enhances look of hands instantly with shimmering glow; Reduces the appearance of lines; Provides a slow-release Vitamin E boost,"Peptides to support collagen, plumps and reduces the look of fine lines; Vitamin E for protection and boost of natural skin barrier",125 ml,£8.99,1. Smooth into hands and wrists to apply a light shimmer before adding jewelry. 2. Use daily for additional Vitamin E boost benefits. 3. Can be used to help blend fake tan into hands without staining.,Predominantly pink and white.,Both lifestyle imagery and product images are present.,"""Liquid Lingerie Collection"" and ""New Scents"" badge",Playful and elegant,"Use of words like ""shimmering"" and imagery with jewelry suggests a fashion-conscious audience.",,"Image: Witty Optimist_Jan24.Liquid Lingerie Glow gloves.jpg
Method: Direct image → gpt-4o → Text output
================================================================================

Sure, here's the extracted information:

1. **Product Name and Brand**: 
   - Glow Gloves
   - Soap & Glory

2. **Product Description**: 
   - ""A lightly shimmering, hand cream that immediately enhances hand appearance and improves skin feel over time""

3. **Product Category**: 
   - Hand cream

4. **Key Claims/Benefits**: 
   - Enhances look of hands instantly with shimmering glow
   - Reduces the appearance of lines
   - Provides a slow-release Vitamin E boost

5. **Ingredients**: 
   - Peptides to support collagen, plumps and reduces the look of fine lines
   - Vitamin E for protection and boost of natural skin barrier

6. **Packaging Information**: 
   - Push top applicator
   - 125 ml
   - £8.99

7. **Usage Instructions**: 
   1. Smooth into hands and wrists to apply a light shimmer before adding jewelry.
   2. Use daily for additional Vitamin E boost benefits.
   3. Can be used to help blend fake tan into hands without staining.

8. **Visual Design Elements**:
   - **Color scheme and dominant colors**: Predominantly pink and white.
   - **Is this lifestyle imagery (models/people) or product-only?**: Both lifestyle imagery and product images are present.
   - **Any badges, labels, or special callouts**: ""Liquid Lingerie Collection"" and ""New Scents"" badge
   - **Overall design style**: Playful and elegant

9. **Target Audience Signals**: 
   - Use of words like ""shimmering"" and imagery with jewelry suggests a fashion-conscious audience.

10. **Additional Text**: 
    - ""LIQUID LINGERIE"" tagline at the top.

The design combines practical details with a playful, luxurious feel, appealing to those interested in beauty and skincare."
Witty Optimist_Jan24.Mission Possible Body Lotion,Product Name: **Time Travel Body Lotion**,Brand: **Soap & Glory**,"""'It never happened’ skin damage body lotion, showcasing the magic of reversal and the beauty of renewal in just 4 weeks!""",Body Lotion,Reverses visible signs of skin damage in just 4 weeks; Deeply penetrates the skin’s surface; Restores skin cells damaged by exposure to sun and harmful toxins; Provides a fresh natural glow; Functions as an after sun,"Active Ingredients: Pepticology™ contains Hyaluronic Acid, Vitamin C, and Niacinamide",150 g,£14.99,"Apply liberally to areas in need e.g., sunspots, sensitive skin. Apply in the evening for best result. Also functions as an after sun with its unique healing properties.",,,None explicitly mentioned.,,"Likely targeting adults interested in skincare and anti-aging solutions, focus on renewal and skin repair.","""Mission Possible Collection"" ""Introducing Soap & Glory’s..."" ""Fragrance: Soap & Glory's Original Pink fragrance with a youthful citrus lift.""","Image: Witty Optimist_Jan24.Mission Possible Body Lotion.jpg
Method: Direct image → gpt-4o → Text output
================================================================================

Sure! Here's the detailed analysis of the image:

1. **Product Name and Brand**:
   - Product Name: **Time Travel Body Lotion**
   - Brand: **Soap & Glory**

2. **Product Description**:
   - ""'It never happened’ skin damage body lotion, showcasing the magic of reversal and the beauty of renewal in just 4 weeks!""

3. **Product Category**:
   - Body Lotion

4. **Key Claims/Benefits**:
   - Reverses visible signs of skin damage in just 4 weeks
   - Deeply penetrates the skin’s surface
   - Restores skin cells damaged by exposure to sun and harmful toxins
   - Provides a fresh natural glow
   - Functions as an after sun

5. **Ingredients**:
   - Active Ingredients: Pepticology™ contains Hyaluronic Acid, Vitamin C, and Niacinamide

6. **Packaging Information**:
   - Format: Smooth, cylinder pack with a controlled pumping system
   - Size: 150 g
   - Price: £14.99

7. **Usage Instructions**:
   - Apply liberally to areas in need e.g., sunspots, sensitive skin.
   - Apply in the evening for best result. Also functions as an after sun with its unique healing properties.

8. **Visual Design Elements**:
   - **Color Scheme**: Dominant colors include blue, pink, white, and coral/peach.
   - **Imagery**: Includes product-only shots, illustrations, and lifestyle imagery with a model.
   - **Badges/Labels**: None explicitly mentioned.
   - **Design Style**: A mix of clinical and playful with a clean, modern aesthetic.

9. **Target Audience Signals**:
   - Likely targeting adults interested in skincare and anti-aging solutions, focus on renewal and skin repair.

10. **Any Additional Text**:
   - ""Mission Possible Collection""
   - ""Introducing Soap & Glory’s...""
   - ""Fragrance: Soap & Glory's Original Pink fragrance with a youthful citrus lift.""

Feel free to ask if you have any more questions!"
Witty Optimist_Jan24.Mission Possible Body balm,Soap & Glory’s Bounce Back Body Balm,Soap & Glory’s Bounce Back Body Balm,"A nighttime body balm that targets cellulite to reveal visibly softer, firmer skin in 4 weeks!",Body balm,"Targets cellulite; Visibly softer, firmer skin in 4 weeks; Infused with Pepticology™; Sculpt, smooth, and shape the body; Active skin plumping ingredients for visibly transformed skin",Pepticology™ (patented peptide technology serum); Active skin plumping ingredients,150 g,£14.99,"1. Apply on clean skin before you go to bed or after your evening shower, focusing on areas with cellulite concerns. 2. Continue application daily, working in rhythmic motion to indulge the skin.","Soft pinks, beige, and black",,"""186 boost"" callout for packaging",,Focus on cellulite suggests targeting women concerned about body firmness. Stylish illustration and playful design imply a youthful and modern audience.,"Tagline: ""Bounce Back"" Brand messages emphasize confidence and visible transformation","Image: Witty Optimist_Jan24.Mission Possible Body balm.jpg
Method: Direct image → gpt-4o → Text output
================================================================================

1. **Product Name and Brand**: 
   - Soap & Glory’s Bounce Back Body Balm

2. **Product Description**: 
   - A nighttime body balm that targets cellulite to reveal visibly softer, firmer skin in 4 weeks!

3. **Product Category**: 
   - Body balm

4. **Key Claims/Benefits**: 
   - Targets cellulite
   - Visibly softer, firmer skin in 4 weeks
   - Infused with Pepticology™
   - Sculpt, smooth, and shape the body
   - Active skin plumping ingredients for visibly transformed skin

5. **Ingredients**: 
   - Pepticology™ (patented peptide technology serum)
   - Active skin plumping ingredients

6. **Packaging Information**: 
   - Large ergonomic 'bouncy ball' tub
   - 150 g
   - £14.99

7. **Usage Instructions**: 
   1. Apply on clean skin before you go to bed or after your evening shower, focusing on areas with cellulite concerns.
   2. Continue application daily, working in rhythmic motion to indulge the skin.

8. **Visual Design Elements**:
   - **Color scheme and dominant colors**: Soft pinks, beige, and black
   - **Imagery**: Product-only and lifestyle imagery showing application areas
   - **Badges/Labels**: ""186 boost"" callout for packaging
   - **Design style**: Playful and slightly clinical

9. **Target Audience Signals**: 
   - Focus on cellulite suggests targeting women concerned about body firmness.
   - Stylish illustration and playful design imply a youthful and modern audience.

10. **Any Additional Text**:
    - Tagline: ""Bounce Back""
    - Brand messages emphasize confidence and visible transformation

The design combines clinical innovation (Pepticology™) with playful aesthetics to target a youthful, beauty-conscious audience."
Witty Optimist_Jan24.Mission Possible elixir,Soap & Glory's Smooth Operator Elixir,Soap & Glory's Smooth Operator Elixir,"""A clinically advanced concentrated oil formula to fade stretchmarks and restore your skin's smooth canvas""",Elixir (Oil),Fades stretchmarks; Restores skin's youthful elasticity; Uses Pepticology™ technology to rejuvenate skin; Safe for all skin types,"Retinol (increases cell production); Baobab oil (improves elasticity, excellent for mature skin); Coconut oil (nourishes skin)",100 ml,£14.99,"""Apply on clean skin morning or evening focusing on areas where skin is stretched.""","Pink, white, beige",Contains both product imagery and illustrations of a person applying the product,"""360 Boost"" badge","Clinical yet appealing, balanced with a hint of playfulness","Imagery and emphasis on stretchmark reduction suggest targeting individuals with concerns about skin elasticity, possibly post-pregnancy or body changes","“Packed with the potent magic of retinol"" ""Pepticology™ technology"" ""Soap & Glory’s Original Pink fragrance"" ""MISSION POSSIBLE"" (possibly a theme or collection name)","Image: Witty Optimist_Jan24.Mission Possible elixir.jpg
Method: Direct image → gpt-4o → Text output
================================================================================

Sure, here’s the detailed analysis:

1. **Product Name and Brand**: 
   - Soap & Glory's Smooth Operator Elixir

2. **Product Description**: 
   - ""A clinically advanced concentrated oil formula to fade stretchmarks and restore your skin's smooth canvas""

3. **Product Category**: 
   - Elixir (Oil)

4. **Key Claims/Benefits**: 
   - Fades stretchmarks
   - Restores skin's youthful elasticity
   - Uses Pepticology™ technology to rejuvenate skin
   - Safe for all skin types

5. **Ingredients**: 
   - Retinol (increases cell production)
   - Baobab oil (improves elasticity, excellent for mature skin)
   - Coconut oil (nourishes skin)

6. **Packaging Information**: 
   - Ergonomic, round elixir bottle
   - Size: 100 ml
   - Price: £14.99

7. **Usage Instructions**: 
   - ""Apply on clean skin morning or evening focusing on areas where skin is stretched.""

8. **Visual Design Elements**:
   - **Color scheme and dominant colors**: Pink, white, beige
   - **Is this lifestyle imagery (models/people) or product-only?**: Contains both product imagery and illustrations of a person applying the product
   - **Any badges, labels, or special callouts**: ""360 Boost"" badge
   - **Overall design style**: Clinical yet appealing, balanced with a hint of playfulness

9. **Target Audience Signals**: 
   - Imagery and emphasis on stretchmark reduction suggest targeting individuals with concerns about skin elasticity, possibly post-pregnancy or body changes

10. **Any Additional Text**: 
    - “Packed with the potent magic of retinol""
    - ""Pepticology™ technology""
    - ""Soap & Glory’s Original Pink fragrance""
    - ""MISSION POSSIBLE"" (possibly a theme or collection name)

The image combines clinical claims with lifestyle visuals, using a clean and playful approach to appeal to consumers looking for effective skincare solutions."
Witty Optimist_Jan24.Wakeup Glorious serum,Product Name: Magni-Serum,Brand: Soap & Glory,A slow-release magnesium serum to restore muscles whilst you sleep,Body Serum,"Deep conditioning; Slow-release formula; Targeted relief to tired, overworked muscles; Works throughout an 8-hour sleep cycle",Magnesium,100 ml,£12.99,"1. Apply the serum directly on legs, arms, and torso, focusing on areas with muscle strain. Rub serum in with hands. 2. Alternatively, add serum to Soap & Glory body lotion and apply liberally across the body. Works while you sleep.",,,"""New Scent"" badge",,"Visual cues of relaxation and self-care, indicating it is targeted towards individuals seeking muscle relief and rejuvenation, possibly after workouts or stressful days.","""Introducing Soap & Glory’s... Wake-up Glorious Collection"" ""Discover the rejuvenating power of Soap & Glory’s Magni-Serum, a ground-breaking deep conditioning body serum expertly crafted to revitalize your muscles as you rest."" ""Infused with a slow-release formula, the serum gently dispenses magnesium throughout an 8-hour sleep cycle, ensuring continuous, targeted relief to tired, overworked muscles so you can wake up feeling restored."" ""Apply on its own or add a few drops to your favourite Soap & Glory lotion or butter.""","Image: Witty Optimist_Jan24.Wakeup Glorious serum.jpg
Method: Direct image → gpt-4o → Text output
================================================================================

Sure, here's a detailed analysis:

1. **Product Name and Brand**: 
   - Product Name: Magni-Serum
   - Brand: Soap & Glory

2. **Product Description**: 
   - A slow-release magnesium serum to restore muscles whilst you sleep

3. **Product Category**: 
   - Body Serum

4. **Key Claims/Benefits**: 
   - Deep conditioning
   - Slow-release formula
   - Targeted relief to tired, overworked muscles
   - Works throughout an 8-hour sleep cycle

5. **Ingredients**: 
   - Magnesium

6. **Packaging Information**: 
   - Format: Glass pipette dropper bottle
   - Size: 100 ml
   - Price: £12.99

7. **Usage Instructions**: 
   1. Apply the serum directly on legs, arms, and torso, focusing on areas with muscle strain. Rub serum in with hands.
   2. Alternatively, add serum to Soap & Glory body lotion and apply liberally across the body. Works while you sleep.

8. **Visual Design Elements**:
   - **Color Scheme and Dominant Colors**: Pink, purple, and white
   - **Imagery**: Combination of lifestyle imagery (lavender field, person applying lotion) and product-only graphics
   - **Badges/Labels**: ""New Scent"" badge
   - **Overall Design Style**: Relaxing, spa-like, and slightly clinical yet visually engaging

9. **Target Audience Signals**: 
   - Visual cues of relaxation and self-care, indicating it is targeted towards individuals seeking muscle relief and rejuvenation, possibly after workouts or stressful days.

10. **Any Additional Text**: 
    - ""Introducing Soap & Glory’s... Wake-up Glorious Collection""
    - ""Discover the rejuvenating power of Soap & Glory’s Magni-Serum, a ground-breaking deep conditioning body serum expertly crafted to revitalize your muscles as you rest.""
    - ""Infused with a slow-release formula, the serum gently dispenses magnesium throughout an 8-hour sleep cycle, ensuring continuous, targeted relief to tired, overworked muscles so you can wake up feeling restored.""
    - ""Apply on its own or add a few drops to your favourite Soap & Glory lotion or butter.""

This detailed information covers all the elements presented in the image."
Witty Optimist_Jan24.Wakeup Glorious soak,Product Name: Slumberland Soak,Brand: Soap & Glory,"""Soap & Glory’s new Slumberland Soak salts are the ultimate bath-time luxury, designed to melt away stress and prime your body for a restful sleep. The hand-selected salts are uniquely formulated with magnesium and infused with a specialist blend of amber, vanilla and geranium. As you sink into the warm, aromatic waters, the salts work their magic, enveloping you in a cocoon of calm. The naturally active fragrance triggers soothe your senses and ease your mind as the first step in your routine for recharging your body.""",Bath soak salts,Relaxing magnesium bath soak salts to soothe the senses and indulge the body; Ultimate bath-time luxury; Melts away stress; Primes body for a restful sleep; Soothes tired muscles; Naturally active fragrance; Triggers relaxation; Brings a cocoon of calm,"Active ingredients: Magnesium sulphate, naturally active essential oils; Fragrance: Amber, vanilla, and geranium",350 g,£9.99,"1. ""Pour 2 tablespoons of the product into hot running water as you fill the bathtub. Adjust to desired level of fragrance."" 2. ""Submerge your body into the water and soak for 10-20 minutes.""",,,,,"The soothing and relaxing claims suggest an audience seeking relaxation and stress relief, possibly adults looking for a luxury bath experience.","""Wake-up Glorious Collection"" ""Introducing Soap & Glory’s..."" ""How to use""","Image: Witty Optimist_Jan24.Wakeup Glorious soak.jpg
Method: Direct image → gpt-4o → Text output
================================================================================

1. **Product Name and Brand**: 
   - Product Name: Slumberland Soak
   - Brand: Soap & Glory

2. **Product Description**: 
   - ""Soap & Glory’s new Slumberland Soak salts are the ultimate bath-time luxury, designed to melt away stress and prime your body for a restful sleep. The hand-selected salts are uniquely formulated with magnesium and infused with a specialist blend of amber, vanilla and geranium. As you sink into the warm, aromatic waters, the salts work their magic, enveloping you in a cocoon of calm. The naturally active fragrance triggers soothe your senses and ease your mind as the first step in your routine for recharging your body.""

3. **Product Category**: 
   - Bath soak salts

4. **Key Claims/Benefits**: 
   - Relaxing magnesium bath soak salts to soothe the senses and indulge the body
   - Ultimate bath-time luxury
   - Melts away stress
   - Primes body for a restful sleep
   - Soothes tired muscles
   - Naturally active fragrance
   - Triggers relaxation
   - Brings a cocoon of calm

5. **Ingredients**: 
   - Active ingredients: Magnesium sulphate, naturally active essential oils
   - Fragrance: Amber, vanilla, and geranium

6. **Packaging Information**: 
   - Format: Transparent glass jar including a salt measuring spoon
   - Size: 350 g
   - Price: £9.99

7. **Usage Instructions**:
   1. ""Pour 2 tablespoons of the product into hot running water as you fill the bathtub. Adjust to desired level of fragrance.""
   2. ""Submerge your body into the water and soak for 10-20 minutes.""

8. **Visual Design Elements**:
   - Color scheme and dominant colors: Pink, white, and hints of orange
   - Imagery: Combination of product and lifestyle imagery; illustration of soaking in a bath
   - Badges/labels: ""New Scent""
   - Design style: Relaxing, indulgent, and slightly playful

9. **Target Audience Signals**: 
   - The soothing and relaxing claims suggest an audience seeking relaxation and stress relief, possibly adults looking for a luxury bath experience.

10. **Any Additional Text**: 
   - ""Wake-up Glorious Collection""
   - ""Introducing Soap & Glory’s...""
   - ""How to use""

The visual elements emphasize relaxation and indulgence with a soft color palette and a mix of realistic and illustrative imagery."
Witty Optimist_Jan24.Wakeup Glorious spritz,Product Name: Press Play Spritz,Brand: Soap & Glory,"An invigorating face and body spray to awaken your senses    - Hit refresh on your routine with Soap & Glory’s Press Play Spritz, a light, tingly spritz designed to awaken your senses and energize your spirit. Just a quick mist is all it takes to transition to a state of vibrant alertness, at any time of day. Infused with invigorating ingredients that stimulate both mind and body, Press Play Spritz is your go-to solution for starting the day, or simply getting through the day, with clarity and zest.",Face and body spray,Awakens your senses; Energizes your spirit; Invigorating ingredients that stimulate both mind and body; Offers clarity and zest,Active ingredients include:; Caffeine to wake up tired skin and improve blood circulation; Peppermint extract for a light tingle on the skin,90 ml,£7.99,Spritz all over face and body whenever you need a sensory refresh. Reapply throughout the day for a quick boost or pick me up.,,,,,Designed for individuals seeking a refreshing and energizing daily skincare solution. Appeals to those who appreciate aromatic and sensory experiences.,“Wake-up Glorious Collection” “New Scent”,"Image: Witty Optimist_Jan24.Wakeup Glorious spritz.jpg
Method: Direct image → gpt-4o → Text output
================================================================================

Certainly! Here’s a detailed extraction and analysis from the image:

1. **Product Name and Brand**: 
   - Product Name: Press Play Spritz
   - Brand: Soap & Glory

2. **Product Description**: 
   - An invigorating face and body spray to awaken your senses
   - Hit refresh on your routine with Soap & Glory’s Press Play Spritz, a light, tingly spritz designed to awaken your senses and energize your spirit. Just a quick mist is all it takes to transition to a state of vibrant alertness, at any time of day. Infused with invigorating ingredients that stimulate both mind and body, Press Play Spritz is your go-to solution for starting the day, or simply getting through the day, with clarity and zest.

3. **Product Category**: 
   - Face and body spray

4. **Key Claims/Benefits**:
   - Awakens your senses
   - Energizes your spirit
   - Invigorating ingredients that stimulate both mind and body
   - Offers clarity and zest

5. **Ingredients**:
   - Active ingredients include:
     - Caffeine to wake up tired skin and improve blood circulation
     - Peppermint extract for a light tingle on the skin

6. **Packaging Information**: 
   - Format: Spray bottle with mist nozzle
   - Metal pack that feels cold and refreshing
   - Size: 90 ml
   - Price: £7.99

7. **Usage Instructions**:
   - Spritz all over face and body whenever you need a sensory refresh.
   - Reapply throughout the day for a quick boost or pick me up.

8. **Visual Design Elements**:
   - Color scheme: Dominant colors are pink and orange with highlights of yellow and black text.
   - Imagery: Combination of lifestyle imagery and product illustrations; includes people and product usage.
   - Badges/Labels: ""New Scent""
   - Design Style: Playful yet slightly clinical due to description and illustrations.

9. **Target Audience Signals**:
   - Designed for individuals seeking a refreshing and energizing daily skincare solution.
   - Appeals to those who appreciate aromatic and sensory experiences.

10. **Any Additional Text**:
    - “Wake-up Glorious Collection”
    - “New Scent”

The overall presentation suggests a vibrant, energetic product aimed at refreshing the user and incorporating both aesthetic and functional aspects for easy daily use."
